156882224,0.03
146681255,0.26
11670042,0.27
10169886,0.3
448281,0.44
9954278,0.44
146681255,0.56
156882253,0.6
162396368,0.93
146681255,0.99
3132,1
123929899,1
156023316,1
162396443,1
11456186,1.2
9852384,1.4
156882202,1.42
91933387,1.5
135169285,1.9
146362775,2
156480529,2
162396383,2
162680095,2
162680105,2
162680110,2
162680112,2
162680118,2
162396361,2.47
9907994,2.5
162680133,2.7
9892451,2.9
156882218,2.98
155903259,3
162396443,3
162396445,3
162396448,3
162680140,3
118720339,3.1
135169329,3.9
515964,4
11670042,4
156023318,4
162396441,4
162396449,4
162396456,4
162680128,4
162680137,4
156882201,4.29
146681255,4.4
156882208,4.43
146362755,5
162396388,5
162396442,5
162680111,5
162680120,5
162680122,5
162680146,5
162680183,5.2
156882210,5.25
16204318,5.41
156882237,5.5
156882196,5.89
162396452,6
162680090,6
162680105,6
156882199,6.13
164532017,6.31
165112136,6.31
156023315,6.4
156596252,6.5
156907382,6.6
156907383,6.8
73311672,6.9
73019534,7
134306141,7
134313938,7
134313939,7
154699461,7
156023324,7
162396453,7
162396455,7
162680106,7
162680119,7
162680144,7
162680152,7
156882219,7.56
155803081,7.6
155803083,7.6
162533642,7.6
162533644,7.6
162396365,7.67
164532054,7.9
165112140,7.9
164532061,7.94
165112135,7.94
162680089,8
162680139,8
162680147,8
154699455,8.5
154699455,8.5
162396367,8.82
162396369,8.91
49771527,9
155803088,9.2
162533649,9.2
156882216,9.57
1510389,10
16760394,10
16760394,10
91935532,10
154699460,10
162680142,10
164532136,10
165112130,10
165112139,10
44093,11
162396360,11
162396458,11
162396460,11
162680158,11
146681255,12
155803073,12
162533634,12
155803065,13
155803071,13
155803074,13
156023312,13
162396372,13
162533626,13
162533632,13
162533635,13
162533924,13
162680106,13
162680154,13
162680159,13
162680171,13
164532020,13
165112132,13
165112133,13
165112134,13
165112137,13
165112138,13
165112141,13
154732741,14
156023321,14
156882198,14
156882229,14
162396364,14
162396457,14
162680127,14
162680134,14
162680135,14
155489962,15
155803066,15
155803069,15
162396454,15
162533627,15
162533630,15
162680129,15
162680132,15
162680157,15
162396450,16
162680106,16
162680158,16
164531953,16
165112128,16
165112129,16
165112135,16
17563271,17
73024995,17
91020540,17
155803063,17
155803082,17
155803090,17
162396440,17
162533624,17
162533643,17
162533651,17
162680084,17
162680099,17
162680106,17
162680124,17
162680132,17
162680138,17
162680150,17
162680178,17
162680180,17
2536,18
155803133,18
156882191,18
162396384,18
155803064,19
155803072,19
156023320,19
156027237,19
162396386,19
162533625,19
162533633,19
162680132,19
162680172,19
1510389,20
5281605,20
73043845,20
73060970,20
90737702,20
90737702,20
143239739,20
143239739,20
154702364,20
154702364,20
155803092,20
155803135,20
156023308,20
156023311,20
162533653,20
164532105,20
165112125,20
165112131,20
9851724,21
156882230,21
156906456,21
162396390,21
162396451,21
162680179,21
156023310,22
156023322,22
70331453,23
162396376,23
162396405,23
162533825,23
162680091,23
162680145,23
162680156,23
162680170,23
162680181,23
155803131,24
162680157,24
162680179,24
162680180,24
16204322,25
90858302,25
155803137,25
156023328,25
162396419,25
162680136,25
162680158,25
164531998,25
164532141,25
165112142,25
2800273,26
71481120,26
156907357,26
155803062,27
156023333,27
146681255,28
146681255,28
156023337,28
162680160,28
162680167,28
162680180,28
162396428,29
3194,30
11553393,30
25110701,30
25110701,30
25110701,30
71481120,30
137349627,30
146681255,30
155803091,30
156907371,30
162533652,30
162533678,30
146681255,31
154732798,31
162680180,31
11553393,32
154702368,32
162396418,32
162680143,32
91933385,33
146681255,33
155489963,33
156023319,33
162680159,33
73041482,34
91537800,34
146681255,34
155925842,34
156882192,34
156907371,34
162396427,34
162680102,34
162680107,34
162680121,34
162680155,34
77826014,35
155803089,35
156882242,35
156907372,35
162533650,35
91251224,36
155803085,36
155803132,36
155803134,36
162533646,36
162680123,36
146681255,37
155803068,37
155803131,37
155803136,37
156023327,37
156906151,37
162396444,37
162533629,37
162533811,37
73010017,38
143139086,38
143139086,38
156023336,38
162396430,38
162533812,38
162680114,38
162680174,38
9937291,39
162533843,39
23384,40
162396366,40
162680131,40
162680132,40
156882262,41
156906660,41
162396432,41
162680182,41
162680182,41
54752934,42
156023334,42
156596253,42
156907365,42
146681255,43
155803067,43
162533628,43
162680151,43
162680164,43
73048827,44
146681255,44
146681255,44
156023338,44
156906455,44
162396371,44
515964,45
162680100,46
162680125,46
155489966,47
156906640,47
162533603,47
156023278,49
162396420,49
16203681,50
16203681,50
16203681,50
25110701,50
91001503,50
91001503,50
137349627,50
156907373,50
162396335,50
162396355,50
162533783,50
162533818,50
162680106,50
56973489,51
154702362,51
154702362,51
154730263,51
155803070,51
156596252,51
156596252,51
156906220,51
162533631,51
155803062,52
156023277,52
156023320,52
156906298,52
162396423,52
162533623,52
162680148,52
501955,53
73000520,53
73034188,53
143139071,53
156023299,53
162396385,53
162680094,53
70330988,54
156596253,54
156596253,54
162680157,54
156023298,55
25110701,56
44580152,56
74073475,56
155489967,56
162396249,56
162680149,56
156023287,58
156596258,59
156906219,59
162680157,59
7230550,60
7230550,60
7230550,60
7230550,60
11261508,60
11317290,60
11317290,60
11317290,60
11317290,60
16204418,60
154699455,60
154699455,60
156026027,60
156906279,60
156906299,60
162533729,60
162533734,60
162533805,60
162533826,60
162680132,60
162680166,60
156596257,61
156596260,61
156906438,61
162533817,62
16203797,63
16203797,63
16203797,63
135699256,63
156023286,63
162533781,63
156023309,64
156023314,64
156882211,64
156906215,64
16204322,65
16204322,65
16204322,65
16204322,65
54592394,65
156023324,65
156882232,65
156906150,65
162533614,65
156882215,66
162396389,66
162680141,67
156027237,68
156907373,68
162396400,68
146681255,69
155803086,69
156906307,69
162533647,69
54752934,70
154584295,70
162533684,70
162680126,70
162396326,71
162533845,71
162680179,71
156023323,72
156907341,73
162396431,73
162680173,73
9903743,74
73014891,74
146681255,74
146681255,74
156027227,74
156882187,74
162396401,74
162680116,74
162680130,74
162680181,74
9892451,75
162680098,77
156907374,78
162533782,78
73025005,79
143139052,79
3194,80
26436,80
11313622,80
44580152,80
44580152,80
154584297,80
154584298,80
154732744,80
162396349,80
162396357,80
162533674,80
162533804,80
156906963,81
73068450,82
91080811,82
143139035,82
73024484,83
143139096,83
156023330,83
162396231,83
162396434,83
156906260,84
156906260,84
135936503,85
156023331,85
73027301,86
154702370,86
156023313,86
73034675,87
162680103,87
2800278,88
44580738,89
156906218,89
23384,90
162533677,90
162533850,90
162680093,90
162680096,90
162680159,90
162680181,90
70330664,91
73031386,91
156882206,91
156907049,91
162396424,91
156882197,92
162396433,92
162396447,92
162680179,93
71508882,94
155803087,94
162533648,94
162680157,94
162680180,94
2800273,95
2800273,95
162533923,96
73037148,97
156906261,97
156906261,97
54592395,98
154732788,98
156906443,98
162533619,98
23605479,99
156596253,99
21881944,100
44578234,100
52943167,100
52946468,100
54589400,100
154584291,100
154584298,100
154878526,100
155803129,100
156023287,100
156596252,100
156596253,100
156907374,100
162533816,100
162533824,100
164532107,100
154702378,101
44578386,103
70331170,103
70331170,103
70331170,103
77826076,103
156882263,104
162396408,104
162396421,104
11456186,105
11456186,105
73034096,105
143139096,105
154702365,105
156023335,105
156906969,105
91158766,107
156906329,107
10804277,108
47318,110
135699256,110
138663337,110
155803128,110
155803130,110
156026026,110
156026026,110
156596252,110
156596252,110
156596253,110
156596253,110
156596253,110
162533681,110
162533780,110
162680158,110
156027228,111
156907375,111
162396406,111
72992186,112
154702366,112
156906921,112
155801617,113
156906309,114
156023316,116
156906221,116
156907237,117
162396370,117
162396429,117
156882245,118
156906327,118
156027227,119
44580738,120
146681255,120
155803124,120
155803139,120
156023325,120
156023326,120
156596252,120
162396333,120
162533820,120
162533831,120
162533846,120
16204323,122
156906690,122
162396429,122
16203908,124
156906347,124
156023317,126
155803127,128
192654,130
81434740,130
154584294,130
156596252,130
156596259,130
162533803,130
162533835,130
70330987,131
156023332,131
156906332,131
162396407,131
162533621,131
156906825,132
70331005,133
70331006,133
156906300,135
156906246,137
156906217,138
156882195,139
156906291,139
162396446,139
2327,140
4124851,140
4124851,140
75050612,140
155803118,140
155803729,140
156023286,140
162533839,140
162533848,140
162680113,140
156906198,141
156906272,145
22333242,147
162396359,147
162396416,147
156906290,149
3878766,150
52949270,150
73659186,150
88621273,150
154584288,150
154584289,150
154584292,150
156023299,150
156026027,150
156906278,150
162533841,150
162680163,150
162396422,151
11840831,152
70331002,152
156882246,152
156906297,152
162396425,152
155803076,153
162533637,153
156906737,154
156906319,155
156907047,156
154857116,157
2577,160
2806068,160
154702372,160
162533772,160
162680108,160
162680181,160
143139062,162
2747320,164
16203906,164
156907047,164
156906318,168
162396404,168
156906216,169
9834674,170
16204318,170
16204318,170
154584292,170
154699460,170
155803138,170
155803732,170
156023278,170
156907330,170
162396332,170
162533680,170
162533731,170
162533760,170
162680159,170
156027236,171
162396437,173
156906260,174
156906260,174
156027228,176
156906875,176
162396402,176
2327,180
11456186,180
143139062,180
145996541,180
156023277,180
156023298,180
162533740,180
162680153,180
162680158,180
156906807,181
162533656,182
156906706,184
156906663,186
162533657,186
162396461,188
2724385,190
70331219,190
137349627,190
146681255,190
154878592,190
155803126,190
156906869,190
162533759,190
162533827,190
156906412,191
162396417,192
155803079,196
156906500,196
162533640,196
156027234,197
1620,200
26436,200
2815231,200
44578386,200
44578386,200
91930254,200
91933382,200
91933383,200
154584294,200
154732739,200
162533658,200
162533770,200
156023320,201
154857116,203
156906314,204
73022577,205
156906739,205
156027233,206
156906433,207
156906476,207
16204417,208
156027234,208
156906971,208
162396387,208
47318,210
154702373,210
155801621,210
162533819,210
156906295,211
156906293,213
156027236,214
156906312,217
2746741,219
3117,220
5281672,220
72997615,220
91038393,220
162396337,220
162533765,220
162680182,220
11840831,221
156906320,224
156906333,224
156906497,225
156906639,226
162396438,226
162396412,227
162533821,227
156906262,228
441207,230
11456186,230
16749975,230
24941262,230
44580739,230
44580739,230
71544385,230
154584291,230
154702369,230
154732743,230
155818922,230
156906807,230
156907367,230
162533661,230
162533710,230
162680179,230
156907043,231
156906294,232
156906963,233
54687595,234
156906280,234
3067580,236
156906334,236
156906663,236
162533810,236
156906419,239
88598251,240
155515803,240
162533620,240
162533673,240
162396403,241
156906498,242
156906647,244
154878592,246
156906288,246
156906296,246
156906454,246
156906647,246
156906423,248
25110701,250
155803125,250
156023302,250
156027225,250
156906432,250
156907334,250
162533755,250
162680162,250
162396379,254
162396436,254
2816136,255
162396363,255
88621311,256
156906282,258
156907040,259
3067569,260
3164070,260
3164070,260
5281672,260
156023281,260
156023283,260
162533602,260
156906825,261
156907108,261
162396426,261
13673587,263
156906643,265
156906736,265
156906313,268
16203796,270
16203796,270
56850859,270
156023295,270
156023299,270
156023301,270
156027232,270
162533701,270
162533766,270
162533806,270
156906434,272
156906799,273
156906301,274
156906304,275
65482,278
4477,280
154584289,280
155803120,280
156023280,280
156023284,280
162533666,280
162533708,280
22333242,282
156906936,282
162396413,283
156907049,284
154878601,285
11444522,286
156906741,287
156906351,288
156906972,288
156907039,289
135699256,290
135936503,290
156023277,290
156023278,290
156023298,290
162533594,290
162533754,290
162680115,290
156907054,292
162396380,297
156906736,298
155803077,299
162533638,299
2799606,300
2799606,300
2799606,300
2799606,300
2799606,300
145946535,300
156023281,300
156023296,300
162396338,300
162396345,300
162533828,300
162396382,302
162396411,302
162396362,306
156906257,307
156906654,307
156906739,309
16204004,310
16204004,310
16204004,310
44580737,310
156023280,310
156023295,310
156023296,310
156906292,310
162533758,310
162533762,310
162533769,310
156027229,312
25110701,313
156906331,314
156907055,315
2747285,319
24898024,320
46174170,320
156600307,320
162680161,320
162680181,320
156906643,322
156906712,322
156907039,324
7756566,327
156023329,328
156027233,328
935415,330
154584300,330
155568446,330
155801623,330
156906179,330
162396334,330
162533675,330
162533717,330
162533733,330
162680086,330
156906899,331
16204115,333
156027235,333
156027232,334
22333239,335
156906256,335
156027235,336
156906741,337
13673571,339
16204324,340
16204324,340
56849970,340
156907347,340
162533757,340
162533767,340
156882228,348
2577,350
13713086,350
154584285,350
154699467,350
156906154,353
162533822,354
156906646,355
154861511,359
65482,360
13346521,360
156596252,360
162533703,360
589883,363
2822904,363
156906822,364
515964,370
515964,370
515964,370
155801622,370
156023293,370
156027230,370
156906639,370
162533669,370
156906712,374
155803080,375
162533641,375
155803084,378
162533645,378
156906646,379
16749979,380
156027211,380
156907342,380
162533838,380
156906431,383
156906720,383
357002,386
11219195,390
56849839,390
86276129,390
156023292,390
156027225,390
156907317,390
162533609,390
162680101,390
156907083,391
156906499,392
23605479,397
156906316,397
165112127,398
16682730,400
44580736,400
54752934,400
54752934,400
145975487,400
154732799,400
162533611,400
162533719,400
156906722,402
156906917,403
368651,410
457527,410
2817763,410
134135259,410
154584297,410
154732798,410
156907332,410
162533672,410
162533753,410
162680182,410
154878526,414
156027229,418
156907350,419
2450,420
154856884,420
162533700,420
66488358,421
154861511,424
156906328,424
156906379,425
156906157,427
154584295,430
156907333,430
162396343,430
162533687,430
162533752,430
162533784,430
156906722,431
16202740,434
156906720,436
156906562,437
162396374,439
448281,440
156027211,440
162533849,440
3109980,443
156906973,443
156023313,444
156906859,446
16760340,450
135936503,450
146681137,450
154584298,450
156596253,450
156906706,450
162533613,450
162533771,450
162533785,450
156906444,451
155803061,453
156907122,453
162533622,453
44236114,460
44236114,460
162396347,460
156906654,463
156023316,464
154699454,466
156906285,467
156906828,469
155803119,470
156907343,470
162533718,470
156906460,473
154856894,475
156906688,479
21099553,480
154584298,480
154699461,480
162533617,480
154851925,484
154851925,484
4826579,485
156906893,486
156906303,487
156907042,489
156907348,489
164981,490
73659185,490
156907052,492
156906859,494
156907083,497
2800278,500
2800278,500
2800278,500
2800278,500
16203799,500
44578236,500
71717907,500
145947283,500
145978039,500
156906827,500
162533786,500
165112126,501
24245912,503
156906564,503
156906482,504
134131203,508
156906888,508
16446682,509
156907081,509
56973489,510
155803121,510
156907055,515
156907260,515
145962334,516
156906697,516
3194,520
162533773,520
156906421,521
2743639,522
156907020,522
156907043,524
154699454,526
155803078,526
156906422,526
162533639,526
156906817,530
162533775,530
162533781,530
162533823,530
156906356,537
162396381,539
156027230,540
162533750,540
162680088,540
66488358,543
16226890,545
156906656,545
154872713,550
156906799,555
16226903,557
156906926,557
44235889,560
44235889,560
46178558,560
155801618,560
162533616,560
156906894,563
156906866,564
156906721,569
156906973,570
162533618,570
162533774,570
156906264,571
156906323,573
156906817,579
156906440,580
44580739,586
156907310,590
156907345,590
156906273,594
137858136,598
11456186,600
16684927,600
24941262,600
67422343,600
71297169,600
145946535,600
145948097,600
145964420,600
145966788,600
145972878,600
154732698,600
154732805,600
156907148,600
162533597,600
162533601,600
162533697,600
156906326,603
162396398,606
156906590,609
156906652,609
71544384,610
156906563,616
137349627,620
154732798,620
156906573,620
156907329,620
162533695,620
162680159,620
156906827,627
12223544,630
162533607,630
3735070,635
156907210,638
156906487,639
156907324,640
156907331,640
156906266,642
154856875,644
2816136,649
156906651,649
73111,650
12060981,650
154584288,650
162533698,650
162533699,650
162680109,650
162680175,650
156906281,652
156906461,653
154856895,655
156027231,657
3109980,658
17520,660
2747147,660
162533663,660
162533777,660
162680176,660
156906865,667
156906888,667
3194,670
3194,670
3194,670
146018708,670
162680104,670
156907016,679
162533592,680
156906491,681
16202858,684
145962127,684
162396399,690
156906651,692
156907124,692
2694652,696
16204423,697
145962001,697
156906481,698
114917,700
56973497,700
145964710,700
145972736,700
145975081,700
154732787,700
154732787,700
154732800,700
156907158,700
156907327,700
156907381,700
2432596,706
2694652,706
156907011,707
145996541,710
154732801,710
156906836,712
2432596,719
156907040,720
162533606,720
156596341,728
640879,730
156907110,732
156906162,738
156023304,740
156906269,744
156906656,745
156027231,746
3008304,747
155803075,749
156907014,749
162533636,749
44449054,750
156906223,750
156907318,750
162533702,750
162680169,750
156906161,756
156906693,759
156907011,760
156907321,760
156906263,761
156907081,764
156906819,767
156906828,767
156906267,770
156906693,770
162533809,775
351236,780
156023305,780
156027216,780
156027221,780
156906861,780
156906222,784
156907260,784
156906692,791
156906721,797
162396377,798
164676,800
3094418,800
39704311,800
145966788,800
145972736,800
145976006,800
156906925,800
156907157,800
156907376,800
162533713,800
156906544,803
156906697,803
156906862,803
156907320,810
156907335,810
156907368,810
154584285,820
156023304,820
156907323,820
162533704,820
24245912,826
156907014,828
7099,830
156027221,830
156906289,832
156906867,833
154856859,834
154878601,834
156906520,837
156906268,838
162533751,840
162396459,844
156907050,851
162680168,860
156027238,864
156907111,866
156907346,870
156906324,871
156906685,872
156907012,872
156906869,874
156906871,879
154732691,880
154732782,880
2747285,881
145962816,883
156906375,890
162680085,890
156906398,891
156906308,896
154872713,898
3598,900
2774892,900
2774892,900
9327085,900
145967285,900
154584292,900
154699460,900
156027215,900
156907314,900
156907340,900
156907363,900
162533709,900
162680165,900
162533685,910
162680177,910
156906249,914
162396378,917
156906317,918
3191,920
156027216,920
156907321,920
162533590,920
145963641,921
69805420,927
56973495,930
22333239,935
156906871,936
4788586,940
5281605,940
162533664,940
154856930,941
11796320,950
11796320,950
11796320,950
56973495,950
154732724,950
156906283,951
156906862,958
156906684,961
156906876,964
3811656,969
4331,970
56973495,970
56973495,970
156907319,970
156906714,971
33008158,975
156906685,975
156906418,978
4642656,980
11667869,980
11667869,980
11667869,980
46174170,980
154732722,980
162533689,980
162533851,980
156907108,981
156906814,988
156906866,988
162533776,990
156906819,991
156906726,998
156906865,998
11555658,1000
11555658,1000
11796320,1000
91933384,1000
154584294,1000
154873059,1000
156027222,1000
162533658,1000
162533659,1000
162533694,1000
164532051,1000
156907132,1010
154878648,1020
156907012,1020
73027072,1028
156023305,1030
156906265,1030
854805,1040
73057089,1040
73057089,1040
73057090,1040
154732725,1040
156906420,1040
162533693,1040
6603820,1050
156907054,1050
156596341,1060
156906860,1060
162533788,1060
156906315,1070
162533610,1070
77826077,1076
44580151,1080
70331172,1080
156906684,1080
162396373,1080
162533720,1080
156906560,1090
156906714,1090
162533789,1090
10645393,1100
53837978,1100
140830474,1100
145967285,1100
145978039,1100
146681137,1100
154584298,1100
156906287,1100
156907058,1100
156907144,1100
156907322,1100
156907325,1100
156907337,1100
156907377,1100
156906396,1110
164609837,1110
145961956,1118
156906200,1120
156906864,1120
156906895,1120
156906895,1120
156907019,1120
145961704,1121
156027224,1130
156906492,1130
162396336,1130
4962497,1140
50988459,1140
156906302,1140
156906975,1140
156907110,1140
162533584,1140
162396331,1150
162533802,1150
162533830,1150
5308032,1160
154856879,1160
156027222,1160
156906350,1160
5850177,1170
154856881,1170
156906560,1170
156906754,1170
4117477,1180
4117477,1180
44236357,1180
156907144,1180
162533671,1180
162533778,1180
121304016,1190
156907349,1190
11425923,1200
46174170,1200
154584298,1200
154699461,1200
155803123,1200
156596363,1200
156907156,1200
156907313,1200
162396354,1200
162533585,1200
162680092,1200
156906473,1210
156906861,1210
1180676,1230
7574092,1230
44236357,1230
156907259,1240
145963636,1250
145962018,1264
154732801,1270
156027238,1270
156907111,1270
162533744,1270
154702376,1280
162533692,1280
156906664,1290
156906818,1290
44236357,1300
145963636,1300
145972878,1300
156906635,1300
156907198,1300
156907311,1300
154856876,1310
156906213,1310
156906898,1310
156906814,1320
156906822,1320
3878766,1340
156907104,1340
156596363,1350
156906211,1350
91910149,1360
5395514,1370
156596252,1370
156906692,1370
156906258,1380
162533660,1380
156906484,1390
162533800,1390
16446682,1400
44236118,1400
67422054,1400
156027213,1400
156027215,1400
156906195,1400
156906836,1400
156906864,1400
156907339,1400
156907038,1420
145961183,1437
2824286,1440
154856881,1440
155551329,1440
156906158,1440
156907050,1440
162533728,1440
156906735,1450
156907032,1450
156907052,1450
162533807,1450
133065662,1460
156906155,1470
156906374,1470
156906659,1480
156907104,1480
156906696,1490
145963515,1495
46897844,1500
46897844,1500
46897844,1500
56932136,1500
91933386,1500
154732813,1500
156023307,1500
156906361,1500
156906490,1500
162533615,1500
162533725,1500
145961843,1506
156907032,1510
156907265,1510
4962497,1520
145960550,1522
11313622,1550
11313622,1550
11313622,1550
156906306,1550
156906330,1550
156906451,1550
156907019,1550
145962863,1557
1180676,1560
2052038,1560
121304016,1560
156906860,1560
589883,1570
56973498,1570
154851926,1570
156907082,1570
156906969,1580
73111,1590
156027224,1590
164676,1600
854805,1600
44305537,1600
145976006,1600
156906867,1600
156907159,1600
156907304,1600
156907315,1600
156907378,1600
24941262,1610
156027213,1610
156596253,1610
8899774,1620
156906876,1620
156907255,1620
56932132,1630
154851925,1630
154851925,1630
162680097,1630
154856860,1640
164609074,1650
145962772,1651
156906667,1670
145961994,1679
73057090,1690
73057090,1690
154856873,1690
44578386,1700
71508882,1700
154584289,1700
154584291,1700
155818922,1700
156907379,1700
162533583,1700
162533666,1700
162533727,1700
162533730,1700
162533739,1700
155971390,1710
156023290,1710
156906725,1710
145963346,1713
156906188,1720
156906208,1730
156906671,1750
162680087,1760
145963159,1762
5308032,1780
156906928,1780
156907213,1780
156906658,1790
156907149,1790
162396395,1790
156906450,1800
156907306,1800
156907312,1800
156907336,1800
156906637,1810
2577,1820
2577,1820
2577,1820
156906337,1820
155971390,1830
156906718,1830
156906970,1830
156907177,1830
154872712,1840
156906870,1840
156906657,1850
156906716,1850
3811656,1870
145962383,1871
154856894,1890
156906635,1890
164609837,1890
145963050,1900
156023289,1900
156906376,1900
156907305,1900
2810571,1920
156906884,1920
16204004,1930
156906939,1930
162396391,1930
156906204,1940
156906801,1940
162533676,1940
145963050,1947
127031070,1950
156906880,1950
162533732,1950
357002,1980
156906165,1980
156907103,1980
162371040,1980
156906632,1990
156906686,1990
156906800,1990
162533801,1990
145962625,1991
11751391,2000
16061499,2000
44398343,2000
44398343,2000
52944043,2000
56973498,2000
75228477,2000
145960518,2000
154732721,2000
154856884,2000
156907370,2000
156907380,2000
162533735,2000
162533736,2000
162533737,2000
162533738,2000
156906694,2010
156906881,2010
9533899,2020
145960518,2029
156906715,2030
156907178,2030
156906465,2050
91910149,2060
145961526,2075
154856857,2080
156906286,2080
156907178,2080
56973498,2090
16129778,2100
56973493,2100
145966788,2100
145975081,2100
156906359,2100
154856949,2110
154878648,2110
156906570,2110
156906187,2120
4380268,2130
154873548,2130
4124851,2150
18803522,2150
162533586,2150
16226903,2160
156907026,2160
154856895,2170
156906245,2170
164609074,2180
24898027,2190
156906483,2190
156906930,2190
156907026,2190
3196508,2200
3196508,2200
3196508,2200
3635406,2200
137349627,2200
145961686,2200
154584297,2200
154732798,2200
154856870,2200
156907326,2200
162533672,2200
156906209,2210
145961686,2211
156600306,2220
162533792,2220
2810571,2230
162396396,2230
73056762,2250
73056762,2250
46178558,2260
156906311,2260
156906212,2280
156906426,2290
44235434,2300
69652072,2300
91341701,2300
145964420,2300
154584295,2300
156907338,2300
162533593,2300
162533667,2300
162533687,2300
156906974,2330
162533808,2330
156906533,2350
156906558,2350
156906175,2380
156906509,2380
154732802,2390
156906180,2390
162533747,2390
3164070,2400
3735070,2400
24941262,2400
145975487,2400
154732787,2400
156907182,2400
156907301,2400
154856870,2420
156906207,2430
156027220,2440
162396350,2440
156906515,2450
145962902,2452
154856951,2470
156906448,2490
162533715,2490
2867165,2500
11840037,2500
11840037,2500
45266425,2500
154732750,2500
154732778,2500
154732778,2500
156596255,2500
156027220,2510
156906255,2510
162533600,2510
156906571,2520
156907122,2530
16226890,2540
156906863,2540
145960888,2555
145962005,2565
736808,2600
46881919,2600
154732730,2600
154732814,2600
156907176,2600
16226881,2620
156906805,2620
145961074,2626
1242,2630
162533654,2630
24941262,2640
154702379,2650
156906452,2650
162533662,2650
156906534,2660
156907016,2660
29765985,2690
3008868,2700
44236120,2700
44517748,2700
154732696,2700
154732803,2700
154732803,2700
156907316,2700
154856859,2720
156027239,2723
156906322,2730
156906172,2740
156906874,2750
156906904,2750
156907255,2750
156906554,2760
156906425,2770
156906525,2770
156906629,2790
102341658,2800
156906516,2800
156906880,2800
156907309,2800
145960607,2803
156906206,2810
3682004,2820
73057092,2820
73057092,2820
154873534,2830
156023313,2854
57379345,2860
156906962,2860
24604289,2870
156906683,2870
13989939,2880
156906494,2880
53378106,2900
56932132,2900
56932132,2900
127043455,2900
154732697,2900
154732772,2900
154732804,2900
154732804,2900
162533756,2900
156907175,2910
156906471,2920
156906704,2920
162533798,2930
156906401,2950
156906649,2960
156907232,2960
156906962,2980
73078,3000
2744814,3000
2744814,3000
2744814,3000
2822496,3000
2822496,3000
2822496,3000
2822496,3000
16129878,3000
156906493,3000
156907364,3000
154856955,3010
5281697,3020
156906978,3020
156906553,3030
156906633,3040
156907267,3060
162533837,3060
56973497,3090
156906254,3090
54589400,3100
156906882,3100
121304016,3110
145962157,3130
9868928,3140
44634772,3140
156906446,3140
162680117,3160
2886035,3170
156907165,3170
6124214,3180
145972878,3200
156906486,3210
154856860,3220
156906413,3220
3394088,3230
2822904,3240
156907022,3240
162533679,3250
71496458,3260
156906169,3260
16226881,3280
91898871,3290
658724,3300
156906974,3300
156907236,3300
156907267,3300
156907291,3300
156907300,3300
154856880,3310
156906740,3310
7131790,3320
145961561,3321
156906705,3330
156906325,3340
164625229,3350
156907232,3360
156906159,3380
156906668,3380
156906681,3380
156906513,3390
52941945,3400
73349603,3400
154732699,3400
154732806,3400
156907034,3400
162533763,3400
162533764,3400
156906310,3410
154257,3440
156027239,3442
156906355,3450
2558401,3460
156906248,3490
162533836,3490
50988459,3500
145964710,3500
156907365,3500
156907048,3560
156907259,3570
3005573,3580
156907067,3590
11561189,3600
46861533,3600
46861533,3600
154732773,3600
154856930,3610
156906521,3650
156906977,3650
156906872,3660
9533899,3670
156907046,3670
145962979,3675
156906976,3700
154873538,3710
156906505,3720
156907067,3730
156907213,3740
2417657,3750
164618518,3760
154873059,3780
156906575,3780
28782785,3790
156906666,3790
156906976,3790
2449860,3800
45266482,3800
46861523,3800
46861523,3800
154584288,3800
154732771,3800
156906430,3800
156907253,3800
162533699,3800
156906539,3850
164618518,3850
95168,3870
156906321,3870
462382,3900
462382,3900
45006077,3900
145972736,3900
154584285,3900
156906489,3900
156906511,3900
156907183,3900
208898,3920
156906941,3940
145963500,3957
46861530,3990
156906514,3990
11491101,4000
162533768,4000
164625229,4010
155803117,4020
156906496,4040
156907036,4040
156906670,4050
16227197,4060
156906529,4070
156907128,4070
5475,4090
8371,4100
637394,4100
45270979,4100
45382032,4100
45382032,4100
46861530,4100
145961531,4100
145972809,4100
154732769,4100
154732774,4100
156906674,4100
156907281,4100
156906152,4110
145961186,4126
10324367,4130
10324367,4130
154856875,4130
3682004,4150
2747320,4160
156906196,4180
145960714,4183
5281806,4200
156027219,4210
154875846,4220
162396341,4220
156906387,4260
154858286,4270
154873548,4270
156906669,4270
174223,4300
174223,4300
76320984,4300
76320984,4300
145967285,4300
154732780,4300
156907160,4300
4046,4330
6918155,4330
56973493,4330
162533722,4340
156906271,4360
156906561,4360
156906932,4360
2450,4400
154584300,4400
2817763,4410
156907015,4420
156907355,4430
4117383,4450
4117383,4450
46861530,4450
7098680,4470
156906177,4480
154856900,4490
162396394,4500
145961672,4511
164621676,4550
164626388,4550
156907175,4560
156907015,4570
156907031,4570
162680083,4590
72146,4600
71571222,4600
71571222,4600
154856879,4610
156027219,4620
162533779,4620
166548,4640
156906678,4640
156906980,4650
29765985,4660
156906501,4660
162533749,4670
156906870,4680
3431427,4700
73057388,4700
73057388,4700
156907294,4700
156907366,4700
164620091,4730
462382,4740
24897809,4740
156906695,4760
156906981,4760
154856876,4770
154856959,4780
156906786,4780
44235895,4800
46897844,4800
156906719,4800
156907262,4800
73364,4810
156906547,4810
4642388,4820
44398207,4820
44398207,4820
154732723,4820
156906679,4820
154856953,4840
156907056,4840
156907065,4850
156027226,4870
44634772,4890
44634772,4890
11425923,4900
155971406,4950
156906244,4950
156906713,4970
162533745,4970
156906441,4980
46861530,4990
3776668,5000
3776668,5000
3776668,5000
5475158,5000
11227702,5000
11467858,5000
15959303,5000
15959303,5000
15959316,5000
44235889,5000
91322401,5000
154732815,5000
154732818,5000
156906495,5000
33630,5010
164532040,5010
156906816,5020
156907035,5040
156906569,5050
156907082,5050
162533740,5050
5850177,5070
56973497,5070
145975487,5100
154732799,5100
2165,5150
156906523,5150
156906980,5160
156596254,5190
44235891,5200
45271826,5200
46897836,5200
46897836,5200
46897836,5200
51003635,5200
51003636,5200
145976006,5200
156906530,5260
156906923,5290
5375570,5300
156906983,5300
56973489,5320
156906156,5320
156906531,5320
156906908,5330
156907123,5340
24898028,5360
156906417,5360
156906981,5360
156906270,5370
156906535,5370
156907149,5370
164626388,5370
510665,5400
10324367,5400
44584893,5400
156906428,5410
156906522,5420
156907025,5450
2719,5470
156485520,5470
154866118,5480
159516,5500
159516,5500
10004662,5500
10004662,5500
49870840,5500
49870840,5500
51003636,5500
145964401,5500
145964401,5500
154732751,5500
154732751,5500
154732765,5500
155803122,5500
156907094,5500
73057087,5520
73057087,5520
156906897,5530
50925386,5540
156907253,5550
156906912,5560
156906447,5630
2449860,5650
156906975,5650
145962239,5654
54592395,5700
54592395,5700
154732762,5700
156907298,5700
162533787,5700
91933380,5707
2743639,5720
56841942,5730
9327085,5760
156906437,5770
156907022,5780
145961434,5794
127043642,5800
154732811,5800
156906458,5800
156906673,5800
156907053,5800
5284373,5820
42956560,5830
156907056,5830
71522062,5850
4927,5860
156906542,5880
2459118,5900
156906173,5930
16226903,5950
145963056,5954
156906251,5980
2819040,6000
2819040,6000
2819040,6000
15959317,6000
71717909,6000
127043641,6000
154732808,6000
154732817,6000
156907119,6000
160115813,6000
160115813,6000
160115813,6000
160115813,6000
160646681,6000
160646681,6000
160646681,6000
160646681,6000
162396174,6000
162396174,6000
162396175,6000
162396175,6000
162396181,6000
162396181,6000
162396181,6000
162396181,6000
162396184,6000
162396184,6000
162396184,6000
162396184,6000
162396186,6000
162396186,6000
162396190,6000
162396190,6000
162396193,6000
162396193,6000
162396193,6000
162396193,6000
162396195,6000
162396195,6000
162396200,6000
162396204,6000
162396204,6000
162396205,6000
162396205,6000
162396205,6000
162396205,6000
162396206,6000
162396206,6000
162396206,6000
162396206,6000
162396214,6000
162396214,6000
162396214,6000
162396228,6000
162396228,6000
162396230,6000
162396230,6000
162396233,6000
162396233,6000
162396234,6000
162396234,6000
162396235,6000
162396235,6000
162396236,6000
162396236,6000
162396239,6000
162396239,6000
162396239,6000
162396239,6000
162396241,6000
162396241,6000
162396248,6000
162396248,6000
162396248,6000
162396248,6000
162396250,6000
162396250,6000
162396253,6000
162396253,6000
162396254,6000
162396254,6000
162396258,6000
162396258,6000
162396267,6000
162396267,6000
162396268,6000
162396269,6000
162396292,6000
162396292,6000
162396292,6000
162396293,6000
162396293,6000
162396293,6000
162396297,6000
162396297,6000
162396304,6000
162396304,6000
162396305,6000
162396305,6000
162396311,6000
162396311,6000
162396311,6000
162396311,6000
162466408,6000
154858227,6020
156906977,6020
156906872,6050
156907141,6050
156907057,6080
145964401,6100
154732756,6100
154732756,6100
154732756,6100
156906568,6100
156907245,6100
154856957,6120
156906877,6160
156906567,6180
7131790,6190
3635406,6200
11546325,6200
25681649,6200
154732766,6200
154732766,6200
154873537,6220
156906541,6240
2746741,6260
156906517,6260
155511410,6270
162533726,6280
156907084,6290
6238,6300
145975081,6300
154732760,6300
154732800,6300
156907276,6300
3938248,6310
156906609,6320
4746,6380
155803116,6380
155971406,6380
156906566,6390
156907134,6390
127043644,6400
154732811,6400
156906203,6400
156907277,6400
64982,6410
156906353,6430
162533797,6450
156906890,6470
156907231,6470
3943541,6500
3943541,6500
156907328,6500
156907084,6560
16220172,6570
118716319,6570
45266488,6600
154732752,6600
46220502,6620
156906168,6620
76005395,6680
156906631,6680
156907265,6680
164625792,6680
5452,6690
127045229,6700
145972809,6700
156907299,6700
162533741,6740
49803313,6760
49870842,6800
49870842,6800
154732752,6800
162533832,6800
4652615,6810
16760394,6810
73325061,6810
156906519,6820
162533833,6860
45382031,6900
154732768,6900
156906537,6910
156906727,6940
162533855,6940
162396435,6950
3394088,6960
156906691,6960
162533790,6980
2824375,7000
3452219,7000
13355054,7000
23645527,7000
85426836,7000
156907273,7000
162533834,7000
154873537,7020
156906429,7020
6536,7050
164626986,7080
164629085,7080
156906416,7140
162396358,7160
154873536,7170
156906508,7180
91933381,7181
156906549,7190
44398160,7200
44398160,7200
46891201,7200
154732719,7200
156906890,7200
164625230,7210
2558401,7230
156907203,7240
156907025,7250
156907036,7270
2719,7280
156906504,7280
2747147,7300
5281255,7300
44584944,7300
154732808,7300
156906424,7330
156906677,7330
462382,7350
154874545,7390
154873536,7400
156907279,7400
156906883,7460
154856951,7480
145972809,7500
162533842,7500
164612005,7500
24898025,7540
78491386,7550
50994058,7590
68939,7600
164615643,7640
9604989,7700
154732810,7700
45382022,7720
154856954,7720
154856857,7730
155948448,7780
275182,7870
162533844,7900
156906524,7910
154873538,7940
164532036,7940
164619177,7940
4055,7960
154873547,7970
156027214,7980
156906565,7980
3773334,8000
154872926,8030
156906879,8080
156906886,8090
3997158,8100
5280343,8100
45271832,8100
46861531,8100
154732775,8100
156906532,8180
154875846,8200
121304016,8240
5212,8247
25181561,8270
72281,8300
5281600,8300
5281600,8300
5281600,8300
154732726,8300
154858286,8300
156906593,8340
162533742,8360
3268933,8400
49870841,8400
49870841,8400
154732753,8400
154732753,8400
99298,8410
156906400,8410
156906305,8430
156906472,8430
154873534,8440
156906378,8440
2417657,8460
156906526,8460
156906672,8460
155531853,8500
156907302,8500
156906676,8520
156027226,8530
156906199,8540
154856858,8550
156906210,8550
443118,8600
127045221,8600
154732810,8600
162533922,8600
154856931,8630
4642657,8650
154858262,8650
1287748,8700
1287748,8700
164608947,8710
164614701,8710
78273249,8760
156027214,8770
156906506,8790
114917,8800
145937,8800
145978039,8800
156907199,8810
156906682,8830
154732702,8900
164614965,8910
154873530,8950
6323191,9000
6708739,9000
162396356,9040
156906665,9050
164612967,9080
250397,9090
154732690,9100
154732770,9100
154732779,9100
162533741,9110
92727,9120
156906427,9130
156906630,9180
1797638,9190
1797640,9190
1797640,9190
156906897,9190
70063,9200
2806068,9200
6438825,9200
14610613,9200
24824610,9200
154856883,9230
156906701,9260
3955,9270
154856896,9280
156906574,9280
156906190,9290
45271831,9300
156906556,9330
3117,9350
3117,9350
3117,9350
154872925,9380
156907035,9390
44398002,9400
44398002,9400
154732720,9400
156906384,9460
156906185,9470
162533856,9500
2726,9510
156906527,9530
156027218,9550
54680369,9560
156906252,9570
49870841,9600
162533711,9600
156906896,9610
164626780,9770
2855457,9800
162533598,9820
164611183,9820
156906572,9840
156906978,9860
156907109,9860
101520,9900
264268,9900
91930989,9900
134777016,9900
4614896,9910
4614896,9910
156906538,9920
73293,9960
73293,9960
156906503,9980
155803105,9990
2371,10000
3220,10000
1719488,10000
2742278,10000
2742278,10000
2742278,10000
2821293,10000
2821293,10000
2821293,10000
3010927,10000
15959302,10000
15959302,10000
15959304,10000
15959304,10000
24939275,10000
44337811,10000
44433697,10000
44433697,10000
51003635,10000
51003635,10000
56849969,10000
73350244,10000
73350244,10000
135452883,10000
162533861,10000
162533862,10000
164610660,10000
16741,10100
3094418,10100
5321765,10100
73056760,10100
73056760,10100
11644322,10200
156906885,10200
162533863,10200
122724,10300
12302620,10300
46861534,10300
91408393,10300
156906555,10300
156906675,10300
156907344,10300
2083510,10400
9960660,10400
11667869,10400
156906952,10400
5958938,10500
156906335,10500
156906751,10500
156907224,10500
4000243,10600
14610613,10600
154732755,10600
154732755,10600
154732755,10600
154856880,10600
156907123,10600
156907153,10600
156907176,10600
2532,10700
73364,10700
318797,10700
11425923,10700
15959287,10700
155536612,10700
156907282,10700
164612331,10700
9180583,10800
52949213,10800
52949213,10800
156906528,10800
3635406,10900
154856958,10900
156906929,10900
156907303,10900
167551,11000
515964,11000
2820912,11000
2820912,11000
5388781,11000
15959299,11000
15959301,11000
53488299,11000
91935363,11000
154732733,11000
154732767,11000
154732812,11000
154732817,11000
162533864,11000
44235890,11100
44235890,11100
154856955,11100
156906284,11100
44398344,11200
44398344,11200
154858227,11200
156906931,11200
162533682,11200
156027218,11300
156906372,11300
156906545,11300
156907137,11300
121304016,11400
154856883,11400
156906543,11400
156906878,11400
156907034,11400
162533683,11400
162533857,11400
114917,11500
3010818,11500
154856949,11500
156906186,11500
156906336,11500
156907263,11500
154856931,11600
154856950,11600
156907085,11600
127045220,11700
156906184,11700
3372,11800
3372,11800
464205,11800
73056763,11800
73056763,11800
156906202,11800
156906485,11800
156906488,11900
156907109,11900
2719,12000
2797358,12000
2797358,12000
2820914,12000
2820914,12000
52945913,12000
52945913,12000
154732734,12000
154873532,12000
44236358,12100
156906205,12100
156906250,12100
156906436,12100
156906947,12100
156907200,12100
156907252,12100
156906729,12200
156907180,12200
156906197,12300
156906680,12300
164621728,12300
18823261,12400
5212,12500
515962,12500
56973488,12500
156906201,12500
441300,12600
44398546,12600
44398546,12600
56932132,12600
8027611,12700
8027611,12700
154873532,12700
162533691,12700
162533793,12800
154851926,12900
156907214,12900
2726,13000
2726174,13000
2726174,13000
2726176,13000
2726176,13000
15959296,13000
15959296,13000
15959296,13000
25147562,13000
25147562,13000
71717908,13000
146126449,13000
154732745,13000
156906700,13000
162533865,13000
162533866,13000
44398055,13100
44398055,13100
154873540,13100
15959292,13200
154732686,13200
156906399,13200
156906724,13200
3885,13300
3885,13300
6104,13300
5320532,13300
46861529,13300
154873547,13300
156907062,13300
6857793,13400
977528,13500
44398167,13500
44398167,13500
5362440,13600
91935361,13600
154856885,13600
156906552,13600
156906886,13600
3598,13700
58341255,13700
127043645,13700
137886229,13700
156907223,13700
162533840,13700
154874532,13800
3635406,13900
3635406,13900
3635406,13900
4378077,13900
4378077,13900
52941131,13900
52941131,13900
73056766,13900
73056766,13900
89468951,13900
154856858,13900
2744846,14000
2744846,14000
42624533,14000
42624533,14000
156906707,14000
162533867,14000
464205,14200
8899774,14200
154867317,14200
17562157,14300
56742247,14300
156906247,14300
156906253,14300
156907065,14300
156907229,14300
11425923,14400
11425923,14400
50988459,14400
156906518,14400
154732784,14500
154878525,14500
156906383,14500
156906577,14500
156907137,14500
5952498,14600
50994142,14600
146148681,14600
154873540,14600
78259351,14700
154856900,14700
156906868,14700
156907090,14700
7899742,14800
78099211,14800
154856890,14900
2745617,15000
2745617,15000
2745617,15000
2745640,15000
2745640,15000
2745653,15000
2745653,15000
2774667,15000
2774667,15000
2819269,15000
2819269,15000
44433698,15000
44433698,15000
75024135,15000
75029329,15000
154732712,15000
156906457,15200
156907243,15200
92727,15300
3010818,15300
154873530,15300
154873543,15300
154873549,15300
156907038,15300
156907354,15300
45268452,15400
156906628,15500
156907369,15500
162533868,15500
154878525,15600
156906445,15600
156907201,15600
24604289,15700
127045386,15700
154875988,15700
5208,15800
5208,15800
156906545,15800
156906896,15800
156907126,15800
156907256,15800
154859409,15900
156027212,15900
156906789,15900
156907060,15900
2775844,16000
2775844,16000
2799801,16000
2820775,16000
2820775,16000
4270495,16000
4270495,16000
9857170,16000
52940767,16000
91593741,16000
154873528,16000
154873549,16000
156907151,16000
647122,16100
4369359,16100
156907268,16100
86810194,16300
102341658,16400
156907192,16400
156906821,16500
156907134,16500
156907208,16500
52945913,16600
156027212,16600
156596252,16600
156906945,16600
156907117,16600
130976,16700
4979921,16700
162533796,16700
56973489,16800
156906414,16900
162533869,16900
154852110,17000
10205,17100
164676,17100
156907080,17100
3194487,17200
3194487,17200
3194487,17200
156906645,17200
156907204,17200
40043308,17300
52949213,17300
154856956,17300
154866118,17300
5335621,17400
156907263,17400
44398436,17500
44398436,17500
154856893,17500
156906496,17600
156906785,17600
102678,17800
11630144,17800
73057091,17800
73057091,17800
262093,17900
262093,17900
50994060,17900
318797,18000
2809433,18000
2809433,18000
4398304,18000
4398304,18000
4398304,18000
5211997,18000
52947200,18000
52947200,18000
162533870,18000
162533871,18000
162533872,18000
948801,18200
948801,18200
948801,18200
1465905,18200
1465905,18200
1465905,18200
154856890,18200
156906922,18200
156907086,18200
156907155,18200
156907189,18200
57481834,18300
156906551,18300
156907197,18400
154856548,18500
56973493,18700
127045222,18700
156906548,18700
78273249,18800
156906777,18800
156027210,18900
156907261,18900
11630144,19000
156907135,19100
154858230,19300
154873528,19300
156906698,19300
156907181,19300
156906178,19400
156906579,19400
156907143,19400
156907222,19400
156907227,19400
162533859,19400
148573743,19500
154856897,19500
154873533,19500
155971404,19500
156906557,19500
156906776,19500
156907251,19500
72205360,19700
78491386,19700
156027210,19700
156907087,19700
156907089,19700
156907180,19700
156907086,19800
162533813,19800
162533794,19900
786691,20000
4305683,20000
4305683,20000
4305683,20000
5280445,20000
5280445,20000
85201203,20000
102317829,20000
143239739,20000
154859408,20000
159175354,20000
159175354,20000
159175354,20000
159175354,20000
161675005,20000
161675005,20000
162102030,20000
162102030,20000
162396174,20000
162396174,20000
162396187,20000
162396188,20000
162396188,20000
162396195,20000
162396195,20000
162396196,20000
162396196,20000
162396197,20000
162396197,20000
162396198,20000
162396198,20000
162396219,20000
162396219,20000
162396219,20000
162396219,20000
162396229,20000
162396229,20000
162396230,20000
162396230,20000
162396234,20000
162396234,20000
162396235,20000
162396235,20000
162396236,20000
162396236,20000
162396242,20000
162396242,20000
162396252,20000
162396252,20000
162396253,20000
162396253,20000
162396254,20000
162396254,20000
162396255,20000
162396255,20000
162396258,20000
162396258,20000
162396259,20000
162396264,20000
162396264,20000
162396264,20000
162396264,20000
162396267,20000
162396267,20000
162396268,20000
162396269,20000
162396269,20000
162396270,20000
162396271,20000
162396271,20000
162396272,20000
162396272,20000
162396279,20000
162396281,20000
162396298,20000
162396298,20000
162396300,20000
162396300,20000
162396300,20000
162396300,20000
162396302,20000
162396302,20000
162396303,20000
162396303,20000
162479005,20000
162479005,20000
162479566,20000
164607415,20000
154856957,20100
156907044,20100
156907252,20100
127043455,20200
154852109,20200
156907202,20200
154856885,20300
162533873,20300
3635406,20400
156027217,20400
156027223,20500
156906636,20500
156906961,20500
162533873,20500
162533873,20500
154859409,20600
156907062,20600
154856873,20700
156906634,20700
156906661,20700
44428263,20800
49870840,20800
154858230,20800
156906738,20800
45270979,20900
55508354,20900
164614044,20900
219104,21000
2051960,21000
15959298,21000
154856898,21000
156907272,21000
160142,21100
160142,21100
14610613,21100
156906550,21200
156906502,21300
156907085,21300
4927,21400
219104,21400
219104,21400
156906806,21400
3598,21500
3598,21500
447905,21500
447905,21500
3651377,21500
3651377,21500
16466837,21500
25181561,21500
25181561,21500
44384037,21500
44384037,21500
3000241,21600
156906367,21600
156906410,21600
10411574,21700
10411574,21700
16203911,21700
56745840,21700
154732731,21700
154873539,21700
156906360,21800
156907136,21800
46861532,22100
156906835,22100
156906596,22200
9934458,22300
9934458,22300
49870842,22400
44590821,22500
46861521,22500
156906543,22500
162533815,22500
44235658,22600
44235658,22600
162533791,22600
156906856,22700
154873543,22800
156027217,22800
72205357,22900
154875998,22900
156906369,22900
156907126,22900
4971,23000
3010362,23000
156027223,23000
156907088,23000
56864220,23100
162533853,23200
156906277,23300
156907224,23300
12629,23500
12629,23500
969516,23500
969516,23500
44398231,23500
44398231,23500
156906723,23600
156907146,23600
156906708,23700
156907080,23700
5280343,23800
5280343,23800
156906546,23800
156906597,23800
154856953,23900
156906194,23900
156907061,23900
78411486,24000
155971404,24000
162533875,24000
162533876,24000
162533877,24000
5353915,24100
51402819,24100
51402819,24100
16136912,24200
46854655,24200
103888491,24200
156906780,24200
11570626,24300
18802866,24300
52943127,24300
52943127,24300
57882748,24300
154856954,24300
156907061,24300
91322401,24400
91935361,24400
156906183,24400
102678,24500
9180583,24500
54217213,24500
154861288,24500
156906153,24500
156906607,24500
89468951,24600
156906550,24600
156906968,24600
441300,24700
156906732,24700
318797,24800
318797,24800
44236116,24800
154875988,24800
156906728,24800
154856928,24900
156906354,24900
162533878,24900
70871,25000
70871,25000
5281867,25000
6509497,25000
11644322,25000
11644322,25000
44267478,25000
52941131,25000
154732732,25000
156907066,25000
162533879,25000
162533880,25000
162533881,25000
162533882,25000
102678,25100
154862192,25100
45382030,25300
156906507,25300
156907089,25300
44517748,25400
50994059,25500
156907223,25500
2947583,25600
156906820,25700
156907088,25700
156906810,25800
46861525,26000
154732793,26000
154873531,26000
156907010,26000
146126449,26200
154856952,26200
156906742,26200
75082720,26300
156906904,26300
148573743,26400
154875989,26400
146148681,26700
3117,26800
154859488,26800
3000241,26900
5061348,26900
10826725,26900
154706696,26900
155966887,26900
49864204,27100
49864204,27100
156906439,27200
156906612,27300
156907030,27300
156907179,27300
2051940,27500
2083510,27500
156907192,27500
948801,27600
154856897,27600
20924550,27700
156906589,27700
65238,27800
156906403,27800
154856898,27900
25147563,28000
25147563,28000
72804529,28000
154732693,28000
154732747,28000
44634770,28100
44634770,28100
156906189,28100
162533883,28100
46784066,28300
46861530,28400
156906386,28400
91935362,28700
2849659,28800
145964710,28800
156906214,28800
9910975,28900
9910975,28900
26717170,29100
156906743,29100
156906512,29200
3398980,29400
156906733,29500
20924408,29600
156907250,29700
4236803,29800
46784066,29800
154856891,29800
2219105,29900
154875989,29900
160142,30000
763192,30000
15959300,30000
135442547,30000
6889,30300
154732809,30300
156906717,30500
156906950,30500
127045227,30700
156906477,30700
948801,30900
15959295,31000
156907053,31000
56973489,31200
156907251,31200
156906349,31400
156907129,31400
5362440,31500
5484066,31600
5878729,31600
154873531,31600
73056465,31700
73056465,31700
154873529,31900
2799800,32000
5271805,32000
5271805,32000
11553393,32000
91230600,32000
154704354,32000
73056466,32100
73056466,32100
108440178,32200
156907117,32200
156907161,32200
156907268,32200
129626982,32300
156906242,32300
156906391,32400
156906960,32500
5271805,32700
74513918,32800
156907091,32900
156906352,33000
156907191,33000
156906404,33200
156907229,33300
156906464,33400
154856548,33500
515964,34000
3196508,34000
3196508,34000
73419841,34200
156906411,34200
154856927,34300
154873551,34400
154856891,34600
156906551,34800
73056467,34900
73056467,34900
156906734,35000
162533884,35000
156907018,35100
162533885,35200
156906857,35500
146148685,35700
154852110,35700
162533588,36000
162533886,36000
156907230,36100
72205170,36400
156906614,36400
156906449,36500
156907091,36500
154876006,36800
10365850,37000
44590140,37000
44590140,37000
44590140,37000
156907114,37000
154856896,37400
16227195,37500
102341659,37500
156906919,37500
156906578,37600
155971405,37700
154837645,37800
15959297,38000
156906377,38000
122835,38400
5281696,38400
5281696,38400
5281696,38400
154856866,38400
156907143,38400
156906653,38500
2131970,38600
2131972,38600
114917,38700
114917,38700
156907161,38800
154859410,38900
156907087,38900
15959294,39000
15959294,39000
15959298,39000
45489447,39000
45489447,39000
71571223,39000
162533887,39000
162533888,39000
154851714,39100
146142618,39200
156906390,39200
162533889,39200
156907077,39400
1794427,39500
156906650,39500
156906795,39700
23090268,39900
50994138,39900
73057088,39900
73057088,39900
4477,40000
4477,40000
969516,40000
2292729,40000
2292729,40000
2811874,40000
2811874,40000
23644661,40000
44415173,40000
75029328,40000
154732713,40000
154732714,40000
162533890,40000
162533891,40000
162533892,40000
154856866,40200
156907037,40700
156907041,40700
2849659,40900
154862192,40900
156906459,41000
156906838,41100
127043645,41200
154732809,41200
23090268,41300
154873541,41300
1577009,41400
2131982,41400
64143,41500
11515424,41800
52945915,42000
52945915,42000
819894,42100
6438825,42100
10480940,42100
145964420,42100
162533894,42200
131296975,42300
1713189,42400
156907197,42400
5281643,42700
5378597,42800
45271832,42900
156906944,43000
2302353,43100
110594413,43500
154876006,43600
154857501,43700
146037574,43800
156907115,43900
146681255,44000
156906193,44000
156906760,44000
20910277,44500
156907105,44500
127045393,44700
156907214,44700
1128176,45000
11642725,45000
51003641,45000
51003641,45000
135410958,45000
154732742,45000
146037572,45100
156906406,45100
132391162,45200
146126548,45300
156907217,45300
156907044,45400
156907090,45500
156907227,45500
146125036,45700
5354916,45900
2406,46000
11988319,46000
154706696,46000
44235655,46100
156907066,46100
4961662,46400
156907218,46400
156906642,46500
46897838,47000
46897838,47000
156907215,47300
697963,47500
156906815,47500
156906853,47800
56849837,48000
156906586,48000
156907140,48000
154873551,48200
154732783,48700
156907063,48800
71571220,49000
71571221,49000
72200711,49000
162533895,49000
156906798,49200
146125035,49300
403773,49600
442027,49600
442027,49600
521330,49600
156906638,49600
12304324,49700
154878591,49800
156907226,49900
10642441,50000
44452182,50000
45489449,50000
45489449,50000
91001503,50000
136097732,50000
154732715,50000
156906604,50200
156907254,50300
5281643,50500
156907074,50900
52947200,51100
156906385,51100
156906393,51200
73056761,51300
73056761,51300
156907115,51500
318797,52000
156906986,52000
156907017,52100
156907244,52300
156906730,52600
156906966,52600
156907208,52700
73161921,53000
154732695,53000
156906479,53000
156907212,53200
156906958,53300
156907004,53400
154856524,53500
95212045,53700
156906402,53800
156906998,53800
156906960,54200
154851706,54300
156906648,54400
108440183,54600
156907150,54600
146126548,54900
156906948,54900
54592463,55000
154873541,55500
156907225,55800
156907307,56000
162533896,56000
2919713,56200
154873529,56200
156906951,56300
156907135,56900
98888,57000
98888,57000
101898017,57000
154732748,57000
154732807,57000
154732807,57000
146037572,57500
7574111,57600
156907127,57700
154863478,57800
156906900,57800
92318876,57900
156907106,57900
156907235,58200
1328543,58400
1328543,58400
156906709,58400
156907209,58500
154878591,58800
156906824,58900
154704354,59000
154732816,59000
92705430,59600
16008165,59900
154859410,59900
72281,60000
2171126,60000
2171126,60000
2918614,60000
2918614,60000
154699455,60000
160142,60200
156906601,60500
156906655,60900
156906392,61000
146037574,61300
13345442,61500
156907004,61500
647122,61900
1382255,62000
56849696,62000
156906902,62100
156907230,62100
156906943,62700
4757977,62800
5735082,62800
156906662,62800
156906536,62900
156906839,62900
90478331,63000
154732790,63000
156906580,63500
146148691,63600
154732692,64000
162533898,64000
146125036,64400
92688351,65000
23047684,65300
154852109,65400
156907233,65600
156906381,65900
11515424,66000
156906584,66100
137886229,66400
154726044,66400
156907106,67100
73056764,67200
73056764,67200
156907186,67500
156906407,67800
118729214,68000
154702382,68000
154732759,68000
154732789,68000
3008868,68100
156907205,68200
156907118,68600
154859488,68900
156906362,69000
154862362,69100
156906627,69100
156906348,69300
156906167,69500
10062715,70000
10062715,70000
154732694,70000
154732749,70000
162533899,70000
16227181,70300
156907009,70300
72205358,70400
156906655,70500
515954,71000
164628197,71000
154874532,71500
80447,71600
156906164,71600
156907079,71700
5315459,72300
5315459,72300
154732727,72300
156906710,72500
156907079,72500
156906344,72800
471,73000
154867317,73400
156906791,74200
156907008,74200
2911959,74500
5564,75000
51003643,75000
51003643,75000
154732746,75000
154732763,75000
162533900,75000
156906987,75300
156906587,75900
156906373,76000
156906388,76500
156906389,76600
2986413,76700
58589722,76700
58589722,76700
5341319,77100
135470831,77100
154875994,77100
156906772,77100
156906595,77600
75527421,78200
156906821,78200
146148693,78500
160142,78900
155971391,79600
156906956,79600
156906453,79700
15956553,80000
44433696,80000
49866860,80000
162533901,80000
162533902,80500
2369606,80900
156906274,80900
156907114,81000
49872153,81700
156906993,81800
156907074,81800
92688418,82000
92688418,82000
156906988,82000
154857070,82100
156906699,82200
156907222,82400
156906540,82500
20924587,82700
73056765,82900
73056765,82900
156907112,83300
156906987,83400
156906892,83700
735904,83800
156906613,84000
6478229,85000
6478229,85000
156907205,85000
162533903,85000
156907023,85400
156907102,85900
156906453,86400
4350962,87200
156906906,87200
3094418,87600
72205359,87800
160142,88000
154875994,88100
154856929,88300
156906990,88600
164676,89100
164676,89100
156906605,89200
3094418,89800
26084580,90000
156907228,90500
1265413,90700
1265413,90700
156906160,90700
156907060,90800
156906991,91500
156906644,92100
156906765,92100
20924564,92300
156906837,93700
156906982,93900
156907041,93900
156907107,93900
156906478,94100
156906959,94200
156906470,94900
154732795,95000
162533904,95000
156906906,95200
78259351,95700
154859403,95800
20924459,95900
156907023,96500
154861288,96900
154702383,97000
156906689,97700
154725984,97800
156907010,98100
20924434,98200
52945915,98800
903,99000
6104,99000
276411,99000
357002,99000
686546,99000
820198,99000
854805,99000
870742,99000
1088467,99000
1224835,99000
2083510,99000
2417657,99000
2558401,99000
2744666,99000
3164070,99000
3715049,99000
3811656,99000
4076804,99000
6622459,99000
6625825,99000
6626084,99000
7131790,99000
7756566,99000
8899774,99000
9327085,99000
9533899,99000
16008163,99000
16023482,99000
16226881,99000
16226890,99000
16226903,99000
16227181,99000
16227181,99000
16414276,99000
16777501,99000
18703830,99000
20897655,99000
20910104,99000
20910106,99000
20910140,99000
20910163,99000
20910198,99000
20910201,99000
20910217,99000
20910220,99000
20910242,99000
20910249,99000
20910255,99000
20910256,99000
20910262,99000
20910270,99000
20910277,99000
20924372,99000
20924373,99000
20924374,99000
20924378,99000
20924386,99000
20924405,99000
20924412,99000
20924415,99000
20924431,99000
20924458,99000
20924466,99000
20924471,99000
20924480,99000
20924486,99000
20924497,99000
20924499,99000
20924505,99000
20924525,99000
20924550,99000
20924581,99000
21466113,99000
22334725,99000
23047684,99000
25110701,99000
33008158,99000
42918649,99000
44181867,99000
44634772,99000
45106576,99000
45106663,99000
45787493,99000
46861530,99000
49656470,99000
49872153,99000
50988459,99000
51097178,99000
51189284,99000
56745840,99000
56864220,99000
56932132,99000
56973489,99000
56973493,99000
57236019,99000
57306640,99000
62504273,99000
62686566,99000
66488358,99000
75634034,99000
78273249,99000
78491386,99000
83848242,99000
89468951,99000
92688345,99000
92688410,99000
95119102,99000
95212045,99000
95212045,99000
103888491,99000
112534717,99000
113171403,99000
113175200,99000
113180943,99000
121554847,99000
121582456,99000
122632452,99000
122632452,99000
126785151,99000
126813568,99000
126813570,99000
132298877,99000
132359763,99000
132359767,99000
132359773,99000
132359780,99000
132359784,99000
132359800,99000
135401879,99000
137858047,99000
137858136,99000
137862042,99000
137863523,99000
137886229,99000
137982790,99000
138050788,99000
146037572,99000
146037574,99000
146125035,99000
146125035,99000
146125036,99000
146126449,99000
146126548,99000
146148668,99000
146148685,99000
146148691,99000
146148693,99000
154699454,99000
154704055,99000
154704055,99000
154704354,99000
154705565,99000
154706316,99000
154706696,99000
154706726,99000
154724637,99000
154726044,99000
154726044,99000
154727511,99000
154727511,99000
154797207,99000
154835954,99000
154851706,99000
154851709,99000
154851714,99000
154851925,99000
154851925,99000
154851926,99000
154852109,99000
154852110,99000
154856524,99000
154856548,99000
154856857,99000
154856858,99000
154856859,99000
154856860,99000
154856866,99000
154856870,99000
154856873,99000
154856875,99000
154856876,99000
154856879,99000
154856880,99000
154856881,99000
154856883,99000
154856884,99000
154856885,99000
154856890,99000
154856891,99000
154856894,99000
154856896,99000
154856897,99000
154856898,99000
154856900,99000
154856930,99000
154856949,99000
154856950,99000
154856950,99000
154856951,99000
154856953,99000
154856954,99000
154856955,99000
154856957,99000
154857069,99000
154857070,99000
154857121,99000
154857124,99000
154857125,99000
154857126,99000
154857501,99000
154858262,99000
154858262,99000
154858273,99000
154858286,99000
154858491,99000
154859403,99000
154859407,99000
154859410,99000
154859411,99000
154859411,99000
154861288,99000
154862949,99000
154863775,99000
154865604,99000
154865629,99000
154866118,99000
154866553,99000
154867541,99000
154868498,99000
154872711,99000
154873260,99000
154873542,99000
154873550,99000
154874530,99000
154874531,99000
154875987,99000
154875989,99000
154875995,99000
154875996,99000
154877857,99000
154877858,99000
155971407,99000
156596341,99000
156906546,99000
156906802,99000
156906808,99000
156906809,99000
156906811,99000
156906812,99000
156906813,99000
156906823,99000
156906831,99000
156906832,99000
156906833,99000
156906834,99000
156906840,99000
156906841,99000
156906842,99000
156906843,99000
156906844,99000
156906845,99000
156906846,99000
156906847,99000
156906848,99000
156906849,99000
156906850,99000
156906851,99000
156906852,99000
156906854,99000
156906855,99000
156906858,99000
156906868,99000
156906889,99000
156906891,99000
156906901,99000
156906903,99000
156906905,99000
156906964,99000
156906965,99000
156906967,99000
156906968,99000
156906979,99000
156906984,99000
156906985,99000
156906989,99000
156906992,99000
156906994,99000
156906995,99000
156906996,99000
156906997,99000
156906997,99000
156906999,99000
156907000,99000
156907001,99000
156907002,99000
156907003,99000
156907005,99000
156907006,99000
156907007,99000
156907013,99000
156907017,99000
156907021,99000
156907024,99000
156907027,99000
156907028,99000
156907029,99000
156907030,99000
156907037,99000
156907045,99000
156907051,99000
156907059,99000
156907064,99000
156907068,99000
156907070,99000
156907071,99000
156907072,99000
156907073,99000
156907075,99000
156907076,99000
156907092,99000
156907093,99000
156907095,99000
156907097,99000
156907098,99000
156907099,99000
156907101,99000
156907107,99000
156907112,99000
156907113,99000
156907116,99000
156907120,99000
156907121,99000
156907125,99000
156907127,99000
156907128,99000
156907133,99000
156907138,99000
156907138,99000
156907139,99000
156907139,99000
156907142,99000
156907145,99000
156907149,99000
156907150,99000
156907162,99000
156907163,99000
156907166,99000
156907167,99000
156907169,99000
156907171,99000
156907172,99000
156907173,99000
156907175,99000
156907181,99000
156907184,99000
156907188,99000
156907189,99000
156907190,99000
156907191,99000
156907192,99000
156907193,99000
156907194,99000
156907195,99000
156907196,99000
156907197,99000
156907206,99000
156907207,99000
156907209,99000
156907210,99000
156907211,99000
156907212,99000
156907213,99000
156907216,99000
156907217,99000
156907218,99000
156907218,99000
156907219,99000
156907220,99000
156907221,99000
156907222,99000
156907223,99000
156907224,99000
156907225,99000
156907226,99000
156907227,99000
156907228,99000
156907229,99000
156907230,99000
156907232,99000
156907233,99000
156907234,99000
156907238,99000
156907239,99000
156907240,99000
156907241,99000
156907242,99000
156907244,99000
156907249,99000
156907251,99000
156907252,99000
156907253,99000
156907255,99000
156907257,99000
156907258,99000
156907260,99000
156907264,99000
156907265,99000
156907266,99000
156907267,99000
156907269,99000
156907269,99000
903,99500
276411,99500
686546,99500
735904,99500
820198,99500
870742,99500
1088467,99500
3398980,99500
3715049,99500
5211997,99500
6622459,99500
7574111,99500
10826725,99500
16008163,99500
16008165,99500
16414276,99500
16777501,99500
18802866,99500
19323676,99500
21466113,99500
27065645,99500
44181867,99500
45787493,99500
45803377,99500
49656470,99500
51189284,99500
55202454,99500
56832851,99500
57236019,99500
57306640,99500
62504273,99500
62686566,99500
64392421,99500
92318876,99500
92688345,99500
92688351,99500
92688410,99500
92688418,99500
92688418,99500
92688448,99500
92705430,99500
95119102,99500
108440178,99500
108440183,99500
110594413,99500
113171403,99500
113175200,99500
113180943,99500
126813568,99500
126813570,99500
132359762,99500
132359763,99500
132359767,99500
132359773,99500
132359780,99500
132359784,99500
132359800,99500
137858047,99500
137862042,99500
137863523,99500
137982790,99500
138050788,99500
154705565,99500
154706316,99500
154706726,99500
154724637,99500
154797207,99500
154857069,99500
154857121,99500
154857123,99500
154857124,99500
154857125,99500
154857126,99500
154858273,99500
154859407,99500
154862949,99500
154867541,99500
154868498,99500
154872710,99500
154872711,99500
154872712,99500
154873260,99500
154873533,99500
154873542,99500
154873550,99500
154874530,99500
154874544,99500
154874545,99500
154875987,99500
154875995,99500
154875996,99500
155966888,99500
155971391,99500
155971405,99500
155971407,99500
156906163,99500
156906166,99500
156906170,99500
156906171,99500
156906174,99500
156906176,99500
156906181,99500
156906182,99500
156906191,99500
156906192,99500
156906224,99500
156906225,99500
156906226,99500
156906227,99500
156906228,99500
156906229,99500
156906230,99500
156906231,99500
156906232,99500
156906233,99500
156906234,99500
156906235,99500
156906236,99500
156906237,99500
156906238,99500
156906239,99500
156906240,99500
156906241,99500
156906243,99500
156906259,99500
156906275,99500
156906276,99500
156906338,99500
156906339,99500
156906340,99500
156906341,99500
156906342,99500
156906343,99500
156906345,99500
156906346,99500
156906357,99500
156906358,99500
156906363,99500
156906364,99500
156906365,99500
156906366,99500
156906368,99500
156906370,99500
156906371,99500
156906380,99500
156906382,99500
156906394,99500
156906395,99500
156906397,99500
156906405,99500
156906408,99500
156906409,99500
156906415,99500
156906435,99500
156906442,99500
156906462,99500
156906463,99500
156906466,99500
156906467,99500
156906468,99500
156906469,99500
156906474,99500
156906475,99500
156906480,99500
156906510,99500
156906559,99500
156906576,99500
156906581,99500
156906582,99500
156906583,99500
156906585,99500
156906588,99500
156906591,99500
156906592,99500
156906594,99500
156906598,99500
156906599,99500
156906600,99500
156906602,99500
156906603,99500
156906606,99500
156906608,99500
156906610,99500
156906611,99500
156906615,99500
156906616,99500
156906617,99500
156906618,99500
156906619,99500
156906620,99500
156906621,99500
156906622,99500
156906623,99500
156906624,99500
156906625,99500
156906626,99500
156906641,99500
156906687,99500
156906702,99500
156906703,99500
156906711,99500
156906731,99500
156906744,99500
156906745,99500
156906746,99500
156906747,99500
156906748,99500
156906749,99500
156906750,99500
156906752,99500
156906753,99500
156906755,99500
156906756,99500
156906757,99500
156906758,99500
156906759,99500
156906761,99500
156906762,99500
156906763,99500
156906764,99500
156906766,99500
156906767,99500
156906768,99500
156906769,99500
156906770,99500
156906771,99500
156906773,99500
156906774,99500
156906775,99500
156906778,99500
156906779,99500
156906781,99500
156906782,99500
156906783,99500
156906784,99500
156906787,99500
156906788,99500
156906790,99500
156906792,99500
156906793,99500
156906794,99500
156906796,99500
156906797,99500
156906802,99500
156906803,99500
156906804,99500
156906823,99500
156906824,99500
156906826,99500
156906829,99500
156906830,99500
156906873,99500
156906887,99500
156906889,99500
156906891,99500
156906892,99500
156906900,99500
156906901,99500
156906903,99500
156906905,99500
156906907,99500
156906909,99500
156906910,99500
156906911,99500
156906913,99500
156906914,99500
156906915,99500
156906916,99500
156906918,99500
156906920,99500
156906924,99500
156906927,99500
156906933,99500
156906934,99500
156906935,99500
156906937,99500
156906938,99500
156906940,99500
156906942,99500
156906946,99500
156906949,99500
156906953,99500
156906954,99500
156906955,99500
156906957,99500
156906958,99500
156906959,99500
156906964,99500
156906965,99500
156906966,99500
156906967,99500
156906979,99500
156906982,99500
156906984,99500
156906985,99500
156906986,99500
156906988,99500
156906989,99500
156906990,99500
156906991,99500
156906992,99500
156906993,99500
156906994,99500
156906995,99500
156906996,99500
156906997,99500
156906999,99500
156907000,99500
156907001,99500
156907005,99500
156907006,99500
156907007,99500
156907008,99500
156907013,99500
156907018,99500
156907021,99500
156907024,99500
156907027,99500
156907028,99500
156907029,99500
156907033,99500
156907045,99500
156907048,99500
156907063,99500
156907064,99500
156907068,99500
156907069,99500
156907070,99500
156907071,99500
156907072,99500
156907073,99500
156907075,99500
156907076,99500
156907078,99500
156907092,99500
156907093,99500
156907095,99500
156907096,99500
156907097,99500
156907098,99500
156907099,99500
156907100,99500
156907101,99500
156907113,99500
156907116,99500
156907120,99500
156907121,99500
156907124,99500
156907125,99500
156907129,99500
156907130,99500
156907131,99500
156907140,99500
156907142,99500
156907146,99500
156907147,99500
156907152,99500
156907153,99500
156907154,99500
156907162,99500
156907163,99500
156907164,99500
156907166,99500
156907168,99500
156907169,99500
156907170,99500
156907172,99500
156907173,99500
156907174,99500
156907185,99500
156907187,99500
156907189,99500
156907190,99500
156907193,99500
156907195,99500
156907206,99500
156907207,99500
156907211,99500
156907215,99500
156907219,99500
156907238,99500
156907239,99500
156907240,99500
156907241,99500
156907242,99500
156907249,99500
92688448,99800
1203,100000
1249,100000
1249,100000
1287,100000
2153,100000
2519,100000
367141,100000
1212367,100000
1212367,100000
118716318,100000
156907351,100000
156907352,100000
2951162,101000
91932451,101000
5281708,105000
87057577,108000
118729211,108000
154732757,108000
5320532,112000
10480940,112000
10365850,113000
164676,122000
6323191,125000
154732815,125000
52943127,126000
52945977,129000
52945977,129000
154732729,129000
10207,132000
140830474,132000
118729212,135000
118729213,135000
77888,137000
52948928,138000
101297733,138000
25043,141000
93016519,142000
3505109,145000
10429214,147000
977744,149000
10429214,158000
52946772,163000
52946772,163000
154732728,163000
23427055,165000
130976,175000
9924495,175000
9924495,175000
154732761,175000
154732792,175000
154732792,175000
44590821,177000
2947583,186000
10569,189000
10569,189000
3008304,198000
501651,200000
501651,200000
990824,200000
2167624,200000
2167624,200000
2744870,200000
2744870,200000
2745968,200000
44433699,200000
135410963,200000
135411086,200000
162533907,200000
14697,207000
14697,207000
71739586,210000
162533908,210000
21582568,221000
21582568,221000
160254,227000
3094418,227000
12310492,233000
12310492,233000
8768,239000
90478334,240000
154732758,240000
154732791,240000
2810524,250000
2810524,250000
162533909,250000
154732794,260000
162533910,260000
162533911,260000
5280443,280000
162533912,280000
5280443,281000
5280443,281000
442048,284000
442048,284000
2918713,300000
2918926,300000
2946678,300000
2946678,300000
15956553,300000
91895790,300000
162533913,300000
162533914,300000
2727994,350000
2727994,350000
515964,352000
2823615,400000
2823615,400000
140830474,431000
154732797,440000
162533915,440000
1342108,500000
1342108,500000
140830474,666000
154732796,780000
162533915,780000
6440352,800000
10062715,800000
162533916,800000
11642725,870000
162533917,870000
56849695,2000000
91341701,2300000
3652,3580000
154702382,68000000
154702383,97000000
